Movie Name,Director ,Year,Jump Count,Jump scare Rating ,Netflix (US),IMDB
31,Rob Zombie,2016,8,2.5,No,5.1
1408,Mikael Håfström,2007,8,3,No,6.8
1917,Sam Mendes,2019,10,2.5,No,8.5
1922,Zak Hilditch,2017,2,1,Yes,6.3
[Rec],"Jaume Balagueró, Paco Plaza",2007,11,3.5,No,7.4
10 Cloverfield Lane,Dan Trachtenberg,2016,8,2.5,No,7.2
28 Days Later,Danny Boyle,2002,10,3,No,7.6
28 Weeks Later,Juan Carlos Fresnadillo,2007,17,3.5,No,7
30 Days of Night,David Slade,2007,9,2.5,No,6.6
47 Meters Down,Johannes Roberts,2017,11,3,Yes,5.6
A Quiet Place,John Krasinski,2018,14,4,No,7.5
"Abandoned, The",Eytan Rockaway,2015,21,3.5,No,5
"ABCs of Death, The",Various Directors,2012,0,0,No,4.7
Absentia,Mike Flanagan,2011,8,2,No,5.8
"Abyss, The",James Cameron,1989,2,0.5,No,7.6
Alien,Ridley Scott,1979,11,2.5,No,8.4
Alien 3,David Fincher,1992,12,2.5,No,6.5
Alien: Covenant,Ridley Scott,2017,6,2,No,6.4
Alien: Resurrection,Jean-Pierre Jeunet,1997,9,3,No,6.2
Aliens,James Cameron,1986,13,3,No,8.4
Alone,"Banjong Pisanthanakun, Parkpoom Wongpoom",2007,21,4.5,No,6.8
Altered States,Ken Russell,1980,2,0.5,No,6.9
"American Werewolf in London, An",James Landis,1981,14,3,No,7.5
"American Werewolf in Paris, An",Anthony Waller,1997,11,2.5,No,5.1
"Amityville Horror, The",Stuart Rosenberg,1979,8,2.5,No,6
"Amityville Horror, The",Andrew Douglas,2005,16,4,No,6
Amityville: The Awakening,Franck Khalfoun,2017,11,3,No,4.8
Amnesiac,Michael Polish,2015,1,0.5,No,4.3
Anaconda,Luis Llosa,1997,9,2,No,4.8
Anna,Jorge Dorado,2013,5,1,No,6.5
Annabelle,John R. Leonetti,2014,11,3.5,No,5.4
Annabelle Comes Home,Gary Dauberman,2019,20,4,No,6
Annabelle: Creation,David F. Sandberg,2017,23,4.5,No,6.5
Annihilation,Alex Garland,2018,4,1.5,Yes,6.9
Apollo 18,Gonzalo López-Gallego,2011,10,3,No,5.2
Apostle,Gareth Evans,2018,5,1.5,Yes,6.3
Army of Darkness,Sam Raimi,1992,9,2,No,7.5
Arrival,Denis Villeneuve,2016,3,0.5,No,7.9
"As Above, So Below",John Erick Dowdle,2014,7,3,Yes,6.2
Attack the Block,Joe Cornish,2011,12,3,No,6.6
Audition,Takashi Miike,1999,1,0.5,No,7.2
"Babadook, The",Jennifer Kent,2014,11,3,No,6.8
Backcountry,Adam MacDonald,2014,4,0.5,Yes,6
Backtrack,Michael Petroni,2015,14,3.5,No,5.9
Banshee Chapter,Blair Erickson,2013,22,5,No,5.5
"Bay, The ",Barry Levinson,2012,8,2.5,No,5.6
Before I Wake,Mike Flanagan,2016,9,3,Yes,6.2
Berberian Sound Studio,Peter Strickland,2012,0,0,No,6.2
Berlin Syndrome,Cate Shortland,2017,1,0.5,No,6.3
Better Watch Out,Chris Peckover,2016,11,2.5,No,6.5
Bird Box,Susanne Bier,2018,4,0.5,Yes,6.6
Black Christmas,Bob Clark,1974,4,1.5,No,7.2
Black Swan,Darren Aronofsky,2010,10,3,No,8
Blade,Stephen Norrington,1998,1,1,No,7.1
Blair Witch,Adam Wingard,2016,18,4,No,5
"Blair Witch Project, The ","Daniel Myrick, Eduardo Sánchez",1999,0,0,No,6.5
Bone Tomahawk,S. Craig Zahler,2015,0,0,No,7.1
Bram Stoker's Dracula,Francis Ford Coppola,1992,1,0.5,No,7.4
Bride of Chucky,Ronny Yu,1998,11,2,No,5.4
Brightburn,David Yarovesky,2019,20,3.5,No,6.2
Cabin Fever,Eli Roth,2002,10,2.5,No,5.6
"Cabin In The Woods, The ",Drew Goddard,2012,13,3,No,7
"Call, The",Brad Anderson,2013,8,2.5,No,6.7
Cam,Daniel Goldhaber,2018,1,0.5,Yes,5.9
Candyman,Bernard Rose,1992,16,4,No,6.6
Cape Fear,Martin Scorsese,1991,4,1.5,No,7.3
Cargo,"Ben Howling, Yolanda Ramke",2017,2,0.5,Yes,6.3
Carrie,Brian De Palma,1976,1,0.5,No,7.4
Carrie,Kimberly Peirce,2013,4,1,No,5.9
Case 39,Christian Alvart,2009,9,2,No,6.2
Cat People,Jacques Tourneur,1942,2,1,No,7.4
Cell,Tod Williams,2016,5,2,No,4.3
"Changeling, The",Peter Medak,1980,7,2,No,7.2
Chernobyl Diaries,Bradley Parker,2012,16,3.5,Yes,5
Child's Play,Tom Holland,1988,8,2.5,No,6.6
Child’s Play,Lars Klevberg,2019,6,3,No,5.9
Children of the Corn,Fritz Kiersch,1984,8,3,No,5.7
Cloverfield,Matt Reeves,2008,7,2,No,7
Clown,Jon Watts,2014,11,3,No,5.7
"Collector, The",Marcus Dunstan,2009,2,1,No,6.4
"Conjuring, The ",James Wan,2013,12,4,Yes,7.5
"Conversation, The ",Francis Ford Coppola,1974,1,0.5,No,7.8
Cooties,"Jonathan Milott, Cary Murnion",2014,15,3,No,5.7
"Craft, The",Andrew Fleming,1996,4,1,No,6.3
"Crazies, The",Breck Eisner,2010,18,4,No,6.5
Creep,Patrick Kack-Brice,2014,10,3,Yes,6.3
Creep 2,Patrick Brice,2017,6,2,Yes,6.4
Crimson Peak,Guillermo del Toro,2015,9,2.5,No,6.5
Cube,Vincenzo Natali,1997,1,0.5,No,7.2
Cujo,Lewis Teague,1983,4,1,No,6.1
Cult of Chucky,Don Mancini,2017,14,3.5,Yes,5.2
"Cure for Wellness, A",Gore Verbinski,2016,6,1.5,No,6.4
Cyberbully,Ben Chanan,2015,1,1,No,6.8
Dark Shadows,Tim Burton,2012,2,0.5,No,6.2
Dark Skies,Scott Stewart,2013,11,2.5,No,6.3
Dark Was The Night,Jack Heller,2014,16,3,No,5.6
Dark Water,Walter Salles,2005,7,2,No,5.6
Dawn of the Dead,Zack Synder,2004,10,2,No,7.3
Day of the Dead,George A. Romero,1985,10,3,No,7.1
Dead Alive,Peter Jackson,1992,3,1,No,7.5
Dead Calm,Phillip Noyce,1989,2,1,No,6.8
Dead End,"Jean-Baptiste Andrea, Fabrice Canepa",2003,9,2.5,No,6.6
Dead Silence,James Wan,2007,15,4,No,6.2
Death Note,Adam Wingard,2017,6,1.5,Yes,4.6
Deathgasm,Jason Lei Howden,2015,7,2,No,6.3
Deep Blue Sea,Renny Harlin,1999,10,2.5,No,5.8
Deep Red,Dario Argento,1975,7,1.5,No,7.7
Deliver Us From Evil,Scott Derrickson,2014,16,4,No,6.2
Dementia,Mike Testin,2015,0,0,No,5
Demonic,Will Canon,2015,17,4,Yes,5.3
"Den, The",Zachary Donohue,2013,14,4,No,6
"Descent, The",Neil Marshall,2005,16,4,No,7.2
Devil,John Erick Dowdle,2010,4,1.5,No,6.2
"Devil's Backbone, The",Guillermo del Toro,2001,4,1.5,No,7.4
Devil's Due,"Matt Bettinelli-Olpin, Tyler Gillett",2014,13,3,No,4.1
Devil's Pass,Renny Harlin,2013,10,2.5,No,5.7
"Devil's Rejects, The",Rob Zombie,2005,0,0,No,6.8
Dismissed,Benjamin Arfmann,2017,0,0,No,5.8
Disturbia,D.J. Caruso,2007,13,3,No,6.8
Dog Soldiers,Neil Marshall,2002,13,3,No,6.8
Don't Be Afraid of the Dark,Troy Nixey,2010,8,3,No,5.5
Don't Breathe,Fede Alvarez,2016,17,3.5,No,7.1
Don't Knock Twice,Caradog W. James,2016,19,3.5,No,5.1
Donnie Darko,Richard Kelly,2001,3,1,No,8
Doom,Andrzej Bartkowiak,2005,15,3.5,Yes,5.2
Dracula Untold,Gary Shore,2014,4,1,No,6.3
Drag Me To Hell,Sam Raimi,2009,23,4.5,No,6.5
Dreamcatcher,Lawrence Kasdan,2003,11,3,No,5.5
Eden Lake,James Watkins,2008,3,1,No,6.8
Eli,Ciarán Foy,2019,13,3.5,Yes,5.9
Elle,Paul Verhoeven,2016,7,2,No,7.1
Emelie,Michael Thelin,2015,3,0.5,Yes,5.4
Escape Room,Adam Robitel,2019,4,1.5,No,6.3
Europa Report,Sebastián Cordero,2013,1,0.5,No,6.4
Event Horizon,Paul W.S. Anderson,1997,11,3,No,6.7
Evil Dead,Fede Alvarez,2013,20,4,No,6.5
Evil Dead II,Sam Raimi,1987,27,4,No,7.8
"Evil Dead, The",Sam Raimi,1981,22,4,No,7.5
"Exorcism of Emily Rose, The",Scott Derrickson,2005,8,2.5,No,6.7
"Exorcist III, The",William Peter Blatty,1990,11,2.5,No,6.3
"Exorcist, The",William Friedkin,1973,10,1.5,No,8
Exorcist: The Beginning,Renny Harlin,2004,17,4,No,5.1
Extinction,Miguel Ángel Vivas,2015,12,3,No,5.8
Extraterrestrial,Colin Minihan,2014,30,4.5,No,5
"Eye, The","Danny Pang, Oxide Chun Pang",2002,5,2,No,6.7
"Faculty, The",Robert Rodriguez,1998,11,3,No,6.5
Fear Clinic,Robert Hall,2014,13,3,No,5
Final Destination,James Wong,2000,4,2,Yes,6.7
Final Destination 2,David R. Ellis,2003,3,1,Yes,6.2
Final Destination 3,James Wong,2006,5,1,Yes,5.8
Final Destination 5,Steven Quale,2011,5,1.5,No,5.8
"Final Destination, The",David R. Ellis,2009,4,1,No,5.2
Flatliners,Joel Schumacher,1990,7,2,Yes,6.6
"Fly, The",David Cronenberg,1986,2,0.5,No,7.5
"Fog, The",John Carpenter,1980,16,3.5,No,6.8
"Forgotten, The ",Joseph Ruben,2004,7,3,No,5.8
Frailty,Bill Paxton,2001,0,0,No,7.2
Freddy vs. Jason,Ronny Yu,2003,24,4,No,5.7
Friday the 13th,Sean S. Cunningham,1980,10,3,No,6.5
Friday the 13th,Marcus Nispel,2009,23,4,No,5.6
Friend Request,Simon Verhoeven,2016,21,4,Yes,5.3
Fright Night,Craig Gillespie,2011,10,3,No,6.3
Funny Games,Michael Haneke,1997,1,0.5,No,7.6
Funny Games,Michael Haneke,2007,1,0.5,No,6.5
Gerald's Game,Mike Flanagan,2017,3,0.5,Yes,6.6
Get Out,Jordan Peele,2017,10,2.5,No,7.7
Ghost Ship,Steve Beck,2002,12,3,Yes,5.5
Ghost Stories,"Jeremy Dyson, Andy Nyman",2017,20,4,No,6.4
"Ghost Story, A",David Lowery,2017,3,1,No,6.8
Ghostland,Pascal Laugier,2018,21,4,No,6.4
"Girl Walks Home Alone at Night, A",Ana Lily Amirpour,2014,0,0,No,7
Goodnight Mommy,"Severin Fiala, Veronika Franz",2014,1,0.5,No,6.7
Goosebumps,Rob Letterman,2015,10,2.5,No,6.3
Gothika,Mathieu Kassovitz,2003,16,3.5,Yes,5.8
Grave Encounters,"Colin Minihan, Stuart Ortiz",2011,12,4,No,6.1
Green Room,Jeremy Saulnier,2015,1,0.5,Yes,7
Gremlins,Joe Dante,1984,17,3.5,No,7.3
"Grudge, The",Takashi Shimizu,2004,23,4,No,5.9
"Guest, The",Adam Wingard,2014,5,1.5,No,6.7
Halloween,John Carpenter,1978,13,2.5,No,7.8
Halloween,Rob Zombie,2007,9,3,No,6.1
Halloween H20: 20 Years Later,Steve Miner,1998,16,3.5,No,5.7
Halloween II,Rick Rosenthal,1981,8,2,No,6.5
Halloween II,Rob Zombie,2009,16,3,No,4.9
Hannibal,Ridley Scott,2001,2,0.5,No,6.8
Hannibal Rising,Peter Webber,2007,0,0,No,6.2
"Happening, The",M. Night Shyamalan,2008,1,0.5,No,5
Happy Death Day,Christopher Landon,2017,8,2.5,No,6.5
Happy Death Day 2U,Christopher Landon,2019,7,2,No,6.2
"Haunting in Connecticut, The ",Peter Cornwell,2009,26,4.5,No,5.9
"Haunting, The",Robert Wise,1963,3,1,No,7.6
Hellboy,Guillermo del Toro,2004,6,1.5,No,6.8
Hellraiser,Clive Barker,1987,5,2,No,7
Here Alone,Rod Blackhurst,2016,2,0.5,Yes,5.6
Hereditary,Ari Aster,2018,8,2,No,7.3
Hidden,"Matt Duffer, Ross Duffer",2015,4,1.5,No,6.4
Hide and Seek,John Polson,2005,16,3.5,No,6
High Tension,Alexandre Aja,2003,8,2.5,No,6.8
"Hills Have Eyes, The",Alexandre Aja,2006,9,2.5,No,6.4
Holidays,Various Directors,2016,5,2,Yes,5.1
Hollow Man,Paul Verhoeven,2000,9,2.5,No,5.8
Honeymoon,Leigh Janiak,2014,3,0.5,No,5.7
Horns,Alexandre Aja,2014,3,0.5,No,6.5
Hostel,Eli Roth,2005,2,0.5,No,5.9
Hounds of Love,Ben Young,2016,0,0,No,6.5
Hour of the Wolf,Ingmar Bergman,1968,1,0.5,No,7.7
House,Steve Miner,1986,11,3,No,6.2
House of 1000 Corpses,Rob Zombie,2003,6,2.5,No,6.1
"House of the Devil, The",Ti West,2009,4,1,No,6.4
House of Wax,Jaume Collet-Serra,2005,16,4,No,5.3
House on Haunted Hill,William Malone,1999,14,3,No,5.6
"Howling, The",Joe Dante,1981,10,2.5,No,6.6
"Human Centipede, The",Tom Six,2009,4,1.5,No,4.4
Hush,Mike Flanagan,2016,7,2.5,Yes,6.6
I Am Legend,Francis Lawrence,2007,9,2.5,No,7.2
I Am Not a Serial Killer,Billy O’Brien,2016,3,1,No,6.2
I Am the Pretty Thing That Lives in the House,Oz Perkins,2016,4,0.5,Yes,4.5
I Know What You Did Last Summer,Jim Gillespie,1997,13,3.5,Yes,5.7
Identity,James Mangold,2003,11,2.5,No,7.3
Idle Hands,Rodman Flender,1999,10,3,No,6.2
In The Mouth Of Madness,John Carpenter,1994,10,3,No,7.2
In the Tall Grass,Vincenzo Natali,2019,4,1,Yes,5.7
Incarnate,Brad Peyton,2016,9,2.5,No,5.2
Inland Empire,David Lynch,2006,8,2.5,No,6.9
"Innkeepers, The",Ti West,2011,9,2,No,5.4
"Innocents, The",Jack Clayton,1961,4,0.5,No,7.8
Inside,"Alexandre Bustillo, Julien Maury",2007,4,1,No,6.8
Insidious,James Wan,2010,24,5,No,6.8
Insidious: Chapter 2,James Wan,2013,22,4,No,6.6
Insidious: Chapter 3,Leigh Whannell,2015,15,4,No,6.1
Insidious: The Last Key,Adam Robitel,2018,15,4,No,5.7
Interview With the Vampire,Neil Jordan,1994,6,2,No,7.6
Intruders,Adam Schindler,2015,4,1,No,5.4
Invasion of the Body Snatchers,Philip Kaufman,1978,4,1,No,7.4
It,Andy Muschietti,2017,23,4,No,7.4
It Chapter Two,Andy Muschietti,2019,24,4,No,7
It Comes at Night,Trey Edward Shults,2017,5,1.5,No,6.2
It Follows,David Robert Mitchell,2014,5,2,No,6.8
"Jacket, The",John Maybury,2005,6,1.5,No,7.1
Jacob's Ladder,Adrian Lyne,1990,4,1,No,7.5
Jaws,Steven Spielberg,1975,4,2.5,No,8
Jeepers Creepers,Victor Salva,2001,11,3.5,No,6.2
Jennifer's Body,Karyn Kusama,2009,6,2,No,5.2
Jessabelle,Kevin Greutert,2014,9,2,No,5.4
Jigsaw,"Michael Spierig, Peter Spierig",2017,7,2,No,5.8
Joy Ride,John Dahl,2001,2,0.5,No,6.6
Julia's Eyes,Guillem Morales,2010,7,2,No,6.7
Jurassic Park,Steven Spielberg,1993,9,2.5,No,8.1
Jurassic World,Colin Trevorrow,2015,5,2,No,7
Jurassic World: Fallen Kingdom,J.A. Bayona,2018,7,2,No,6.2
Kill List,Ben Wheatley,2011,1,0.5,No,6.4
Knock Knock,Eli Roth,2015,2,0.5,No,4.9
Krampus,Michael Dougherty,2015,10,2,No,6.1
Lake Mungo,Joel Anderson,2008,1,0.5,No,6.2
Lake Placid,Steve Miner,1999,11,2.5,No,5.7
"Last Exorcism, The",Daniel Stamm,2010,7,2,No,5.6
"Last House on the Left, The",Dennis Iliadis,2009,4,0.5,No,6.5
Last Shift,Anthony DiBlasi,2014,17,4,No,5.8
Leatherface,"Alexandre Bustillo, Julien Maury",2017,13,3,No,5
Let Me In,Matt Reeves,2010,3,0.5,No,7.1
Let The Right One In,Tomas Alfredson,2008,2,0.5,No,7.9
Let Us Prey,Brian O’Malley,2014,7,3,No,5.7
Life,Daniel Espinosa,2017,8,2,No,6.6
Lights Out,David F. Sandberg,2016,19,4.5,No,6.3
Little Evil,Eli Craig,2017,7,1.5,Yes,5.7
Ma,Tate Taylor,2019,3,1,No,5.7
Maggie,Henry Hobson,2015,4,0.5,No,5.6
Malevolent,Olaf de Fleur Johannesson,2018,8,3,Yes,4.7
Malice,Harold Becker,1993,3,1,No,6.4
Mama,Andrés Muschietti,2013,13,3.5,No,6.2
Mandy,Panos Cosmatos,2018,5,1.5,No,6.6
Marrowbone,Sergio G. Sánchez,2017,5,2.5,No,6.6
Martyrs,Pascal Laugier,2008,15,3,No,7.1
May,Lucky McKee,2002,0,0,No,6.6
Mayhem,Joe Lynch,2017,2,0.5,No,6.3
Megan Is Missing,Michael Goi,2011,1,0.5,No,4.7
"Messengers, The","Danny Pang, Oxide Chun Pang",2007,27,4.5,No,5.4
"Midnight Meat Train, The",Ryûhei Kitamura,2008,1,0.5,No,6.1
Midsommar,Ari Aster,2019,3,1,No,7.4
Mirrors,Alexandre Aja,2008,15,4,No,6.1
Misery,Rob Reiner,1990,3,0.5,No,7.8
"Mist, The",Frank Darabont,2007,5,1,No,7.1
Mom and Dad,Brian Taylor,2017,5,1.5,No,5.5
Morgan,Luke Scott,2016,3,0.5,No,5.8
Mother!,Darren Aronofsky,2017,7,2,No,6.6
"Mothman Prophecies, The",Mark Pellington,2002,4,1,No,6.4
Mulholland Drive,David Lynch,2001,1,1,No,7.9
My Bloody Valentine,George Mihalka,1981,11,2.5,No,6.2
My Friend Dahmer,Marc Meyers,2017,0,0,No,6.2
Nerve,"Henry Joost, Ariel Schulman",2016,1,0.5,No,6.5
"Nightmare on Elm Street 2: Freddy's Revenge, A",Jack Sholder,1985,8,2,No,5.5
"Nightmare on Elm Street 3: Dream Warriors, A",Chuck Russell,1987,11,2.5,No,6.6
"Nightmare on Elm Street, A",Wes Craven,1984,11,2.5,No,7.5
"Nightmare on Elm Street, A",Samuel Bayer,2010,15,3,No,5.2
"Ninth Gate, The",Roman Polanski,1999,0,0,No,6.7
Nocturnal Animals,Tom Ford,2016,1,1,No,7.5
Noroi: The Curse,Kôji Shiraishi,2005,4,1,No,7
"Number 23, The",Joel Schumacher,2007,3,0.5,No,6.4
Oculus,Mike Flanagan,2013,14,3.5,No,6.5
Odd Thomas,Stephen Sommers,2013,10,3,No,6.8
"Omen, The",Richard Donner,1976,1,0.5,No,7.5
One Hour Photo,Mark Romanek,2002,1,0.5,No,6.8
One Missed Call,Eric Valette,2008,15,3.5,No,4
Only Lovers Left Alive,Jim Jarmusch,2013,0,0,No,7.3
Orphan,Jaume Collet-Serra,2009,12,3,No,6.9
"Orphanage, The",J.A. Bayona,2007,6,1.5,No,7.4
"Others, The",Alejandro Amenábar,2001,4,2,No,7.6
Ouija,Stiles White,2014,16,4,No,4.5
Ouija: Origin of Evil,Mike Flanagan,2016,18,4,No,6.1
Overlord,Julius Avery,2018,12,2.5,No,6.7
P2,Franck Khalfoun,2007,16,4,No,5.9
"Pact, The",Nicholas McCarthy,2012,12,3,No,5.8
Pan's Labyrinth,Guillermo del Toro,2006,6,1.5,No,8.2
Pandorum,Christian Alvart,2009,13,4,Yes,6.7
Paranormal Activity,Oren Peli,2007,10,3.5,No,6.3
Paranormal Activity 2,Tod Williams,2010,14,3.5,No,5.6
Paranormal Activity 3,"Henry Joost, Ariel Schulman",2011,20,4,No,5.8
Paranormal Activity 4,"Henry Joost, Ariel Schulman",2012,21,4,No,4.6
Paranormal Activity: The Ghost Dimension,Gregory Plotkin,2015,29,4,No,4.6
Patient Zero,Stefan Ruzowitzky,2018,6,1.5,No,4.4
Pay The Ghost,Uli Edel,2015,13,3,No,5.2
"People Under the Stairs, The",Wes Craven,1991,13,3,No,6.4
Personal Shopper,Olivier Assayas,2016,4,0.5,No,6.1
Pet,Carles Torrens,2016,2,1,No,5.7
Pet Sematary,Mary Lambert,1989,13,3.5,No,6.6
Planet Terror,Robert Rodriguez,2007,14,2.5,No,7.1
Poltergeist,Tobe Hooper,1982,9,1,Yes,7.3
Pontypool,Bruce McDonald,2008,1,0.5,No,6.6
Predator,John McTiernan,1987,7,2,No,7.8
Prevenge,Alice Lowe,2016,0,0.5,No,5.9
Pride and Prejudice and Zombies,Burr Steers,2016,7,2,No,5.8
Prince of Darkness,John Carpenter,1987,7,2.5,No,6.7
Prometheus,Ridley Scott,2012,7,1.5,No,7
Psycho,Alfred Hitchcock,1960,2,0.5,No,8.5
"Purge, The",James DeMonaco,2013,12,3,No,5.7
"Purge: Anarchy, The",James DeMonaco,2014,13,3,No,6.4
Quarantine,John Erick Dowdle,2008,14,3.5,No,6
Ravenous,Antonia Bird,1999,4,1,No,7
Raw,Julia Ducournau,2016,3,1,Yes,7
Re-Animator,Stuart Gordon,1985,4,1,No,7.2
Ready or Not,"Matt Bettinelli-Olpin, Tyler Gillett",2019,10,3,No,6.9
Red Dragon,Brett Ratner,2002,6,2,No,7.2
Regression,Alejandro Amenábar,2015,3,1,No,5.7
Repulsion,Roman Polanski,1965,7,2.5,No,7.7
Resident Evil,Paul W.S. Anderson,2002,7,2.5,No,6.7
Resident Evil: The Final Chapter,Paul W.S. Anderson,2016,29,4.5,No,5.5
Resolution,"Justin Benson, Aaron Moorhead",2012,2,0.5,No,6.3
Restoration,Zack Ward,2016,10,3,No,4
"Return of the Living Dead, The",Dan O'Bannon,1985,1,0.5,No,7.3
Ring (Ringu),Hideo Nakata,1998,5,2,No,7.3
"Ring Two, The",Hideo Nakata,2005,11,3,No,5.4
"Ring, The",Gore Verbinski,2002,9,2.5,No,7.1
Rings,F. Javier Gutiérrez,2017,19,3.5,No,4.5
Rosemary's Baby,Roman Polanski,1968,0,0,No,8
"Sacrament, The",Ti West,2013,2,0.5,No,6.1
Saw,James Wan,2004,5,2,No,7.6
Saw II,Darren Lynn Bousman,2005,5,1,No,6.6
Saw III,Darren Lynn Bousman,2006,5,1.5,No,6.2
Saw IV,Darren Lynn Bousman,2007,6,1.5,No,5.9
Saw V,David Hackl,2008,5,1,No,5.8
Saw VI,Kevin Greutert,2009,2,0.5,No,6
Scary Movie,Keenen Ivory Wayans,2000,8,1.5,No,6.2
Scary Movie 2,Keenen Ivory Wayans,2001,8,1.5,Yes,5.3
Scary Stories to Tell in the Dark,André Øvredal,2019,8,3,No,6.2
Scream,Wes Craven,1996,19,3.5,No,7.2
Scream 2,Wes Craven,1997,19,4,No,6.2
Scream 3,Wes Craven,2000,23,4,No,5.5
Scream 4,Wes Craven,2011,18,3.5,Yes,6.1
Searching,Aneesh Chaganty,2018,0,0,No,7.7
Secret Window,David Koepp,2004,10,2,No,6.6
Session 9,Brad Anderson,2001,0,0,No,6.4
Seven,David Fincher,1995,1,0.5,No,8.6
Shaun of the Dead,Edgar Wright,2004,13,2.5,No,7.9
"Shining, The",Stanley Kubrick,1980,3,0.5,Yes,8.4
Shutter,"Banjong Pisanthanakun, Parkpoom Wongpoom",2004,11,4,Yes,7.1
Shutter Island,Martin Scorsese,2010,9,2,No,8.1
Signs,M. Night Shyamalan,2002,8,2,No,6.7
"Silence of the Lambs, The",Jonathan Demme,1991,0,0,No,8.6
Silent Hill,Christophe Gans,2006,7,1.5,No,6.5
Silent Hill: Revelation,Michael J. Bassett,2012,22,4,No,5
Silver Bullet,Dan Attias,1985,15,3,No,6.4
Sinister,Scott Derrickson,2012,17,5,No,6.8
Sinister 2,Ciarán Foy,2015,19,4,No,5.3
"Sixth Sense, The",M. Night Shyamalan,1999,8,1.5,Yes,8.1
"Skeleton Key, The",Iain Softley,2005,11,3,No,6.5
Sleepaway Camp,Robert Hiltzik,1983,6,1.5,No,6.3
Sleepy Hollow,Tim Burton,1999,1,0.5,No,7.3
Slender Man,Sylvain White,2018,15,3.5,No,3.2
Slither,James Gunn,2006,10,3,No,6.4
Slumber,Jonathan Hopkins,2017,12,3,No,4.6
Species,Roger Donaldson,1995,7,3,No,5.8
Sphere,Barry Levinson,1998,4,1,No,6.1
Splinter,Toby Wilkins,2008,10,3,No,6.1
Split,M. Night Shyamalan,2016,3,0.5,No,7.3
Spring,"Justin Benson, Aaron Moorhead",2014,1,0.5,No,6.7
Stake Land,Jim Mickle,2010,1,0.5,No,6.5
Starry Eyes,"Kevin Kolsch, Dennis Widmyer",2014,9,2,No,6
Stephanie,Akiva Goldsman,2017,18,3,Yes,5.8
Stir of Echoes,David Koepp,1999,9,3,No,7
"Strangers, The",Bryan Bertino,2008,16,4.5,No,6.2
Summer of 84,"Anouk Whissell, François Simard, Yoann-Karl Whissell",2018,19,4,No,6.7
Sunshine,Danny Boyle,2007,6,1.5,No,7.2
Super 8,J.J. Abrams,2011,15,3.5,No,7
Suspiria,Dario Argento,1977,6,1.5,No,7.4
"Tale of Two Sisters, A",Jee-woon Kim,2003,14,3,No,7.2
Tales of Halloween,Various Directors,2015,14,3,Yes,5.5
Terrifier,Damien Leone,2017,18,3.5,Yes,5.6
Texas Chainsaw 3D,John Luessenhop,2013,14,3,No,4.8
"Texas Chainsaw Massacre, The",Tobe Hooper,1974,2,1,No,7.5
"Texas Chainsaw Massacre, The",Marcus Nispel,2003,16,3,No,6.2
"Texas Chainsaw Massacre: The Beginning, The",Jonathan Liebesman,2006,17,3.5,Yes,5.8
The 9th Life of Louis Drax,Alexandre Aja,2016,4,1,No,6.3
The Atticus Institute,Chris Sparling,2015,13,3.5,No,5.5
The Autopsy of Jane Doe,André Øvredal,2016,12,3,Yes,6.8
The Babysitter,McG,2017,8,2.5,Yes,6.3
The Belko Experiment,Greg McLean,2016,8,2.5,No,6.1
The Blackcoat's Daughter,Osgood Perkins,2015,3,0.5,No,5.9
The Borderlands (Final Prayer),Elliot Goldner,2013,12,3,No,5.7
The Boy,Craig Macneill,2015,1,0.5,No,5.4
The Boy,William Brent Bell,2016,11,3,Yes,6
The Burning,Tony Maylam,1981,21,4,No,6.4
The Butterfly Effect,"Eric Bress, J. Mackye Gruber",2004,4,1,No,7.6
The Bye Bye Man,Stacy Title,2017,13,3,No,4.3
The Canal,Ivan Kavanagh,2014,4,2,No,5.9
The Cloverfield Paradox,Julius Onah,2018,8,3,Yes,5.5
The Conjuring 2,James Wan,2016,22,5,No,7.3
The Conspiracy,Christopher MacBride,2012,1,0.5,No,6.3
The Crucifixion,Xavier Gens,2017,19,4.5,No,5.1
The Cured,David Freyne,2017,16,3,No,5.5
The Curse of La Llorona,Michael Chaves,2019,20,4,No,5.4
The Dead Don’t Die,Jim Jarmusch,2019,0,0,No,5.5
The Devil Inside,William Brent Bell,2012,8,2.5,No,4.2
The Devil's Candy,Sean Byrne,2015,8,2,Yes,6.4
The Disappointments Room,D.J. Caruso,2016,9,2.5,Yes,3.9
The Endless,"Justin Benson, Aaron Moorhead",2017,7,2.5,No,6.5
The Eyes of My Mother,Nicolas Pesce,2016,0,0,Yes,6.2
The Final Girls,Todd Strauss-Schulson,2015,8,1.5,No,6.6
The First Purge,Gerard McMurray,2018,8,2.5,No,5.1
The Forest,Jason Zada,2016,13,3.5,No,4.8
The Gallows,"Travis Cluff, Chris Lofing",2015,21,4,No,4.2
The Gift,Joel Edgerton,2015,5,1.5,No,7
The Girl with All the Gifts,Colm McCarthy,2016,3,1,No,6.6
The Good Neighbor,Kasra Farahani,2016,7,2,Yes,6.3
The Green Inferno,Eli Roth,2013,4,1,No,5.3
The Hallow,Corin Hardy,2015,18,3.5,No,5.7
The Harvest,John McNaughton,2013,0,0,No,6.1
The Haunting in Connecticut 2: Ghosts of Georgia,Tom Elkins,2013,32,5,No,5.3
The Hole,Nick Hamm,2001,3,0.5,No,6.2
The House on Pine Street,"Aaron Keeling, Austin Keeling",2015,5,1,No,5.3
The House with a Clock in Its Walls,Eli Roth,2018,8,1.5,No,6
The Invitation,Karyn Kusama,2015,5,1,Yes,6.6
The Killing of a Sacred Deer,Yorgos Lanthimos,2017,3,0.5,No,7
The Lazarus Effect,David Gelb,2015,18,4.5,No,5.2
The Limehouse Golem,Juan Carlos Medina,2016,0,0,No,6.3
The Little Stranger,Lenny Abrahamson,2018,0,0,No,5.5
The Love Witch,Anna Biller,2016,0,0,No,6.2
The Meg,Jon Turteltaub,2018,18,3.5,No,5.7
The Monster,Bryan Bertino,2016,11,3,Yes,5.4
The Mummy,Alex Kurtzman,2017,16,3.5,No,5.5
The Neighbor,Marcus Dunstan,2016,3,1,No,5.3
The Neon Demon,Nicolas Winding Refn,2016,2,0.5,No,6.2
The New Daughter,Luiso Berdejo,2009,11,2.5,No,5.3
The Nun,Corin Hardy,2018,21,4.5,No,5.4
The Ones Below,David Farr,2015,0,0,Yes,6.1
The Open House,"Matt Angel, Suzanne Coote",2018,14,3,Yes,3.3
The Other Side of the Door,Johannes Roberts,2016,16,3.5,No,5.3
The Perfection,Richard Shepard,2019,1,0.5,Yes,6.1
The Possession,Ole Bornedal,2012,10,3,No,5.9
The Possession of Michael King,David Jung,2014,20,4,No,5.7
The Predator,Shane Black,2018,6,1.5,No,5.4
The Purge: Election Year,James DeMonaco,2016,9,2.5,No,6
The Quiet Ones,John Pogue,2014,23,4,No,5.1
The Rite,Mikael Håfström,2011,7,2,Yes,6
The Ritual,David Bruckner,2017,15,3,Yes,6.3
The Shallows,Jaume Collet-Serra,2016,9,2.5,No,6.3
The Shape of Water,Guillermo del Toro,2017,2,0.5,No,7.3
The Snowman,Tomas Alfredson,2017,9,2,No,5.1
The Strangers: Prey at Night,Johannes Roberts,2018,14,3.5,No,5.2
The Taking of Deborah Logan,Adam Robitel,2014,19,3.5,No,6
The Thing,John Carpenter,1982,7,2,No,8.1
The Thing,Matthijs van Heijningen Jr.,2011,7,2.5,No,6.2
The Town That Dreaded Sundown,Alfonso Gomez-Rejon,2014,8,3,No,5.6
The Transfiguration,Michael O’Shea,2016,2,1,No,6
The Tunnel,Carlo Ledesma,2011,6,2.5,No,5.9
The Unborn,David S. Goyer,2009,14,3.5,Yes,4.8
The Uninvited,Charles & Thomas Guard,2009,11,3,Yes,6.3
The Veil,Phil Joanou,2016,12,3,Yes,4.7
The Village,M. Night Shyamalan,2004,4,1,No,6.5
The Visit,M. Night Shyamalan,2015,8,2.5,No,6.2
The Voices,Marjane Satrapi,2014,3,0.5,No,6.4
The Void,"Jeremy Gillespie, Steven Kostanski",2016,8,2,Yes,5.8
The Wailing,Na Hong-jin,2016,4,1,Yes,7.4
The Ward,John Carpenter,2010,15,4,No,5.6
The Witch,Robert Eggers,2015,4,1.5,Yes,6.8
The Woman in Black 2: Angel of Death,Tom Harper,2014,14,4,No,4.8
Them (Ils),"David Moreau, Xavier Palud",2006,16,4,No,6.4
Thesis (Tesis),Alejandro Amenábar,1996,3,0.5,No,7.4
They Look Like People,Perry Blackshear,2015,2,0.5,No,5.9
Thirteen Ghosts,Steve Beck,2001,17,3,No,5.6
Timecrimes,Nacho Vigalondo,2007,3,0.5,No,7.2
Tragedy Girls,Tyler Macintyre,2017,8,2,No,6
Train to Busan,Sang-ho Yeon,2016,4,1,Yes,7.5
Trash Fire,Richard Bates Jr.,2016,0,0,Yes,5.8
Tremors,Ron Underwood,1990,16,2.5,No,7.1
Triangle,Christopher Smith,2009,5,1,No,6.9
Trick 'r Treat,Michael Dougherty,2007,6,2.5,No,6.8
Truth or Dare,Jeff Wadlow,2018,7,2,No,5.1
Tucker and Dale vs. Evil,Eli Craig,2010,9,1.5,No,7.5
Tusk,Kevin Smith,2014,0,0,Yes,5.3
Under the Shadow,Babak Anvari,2016,9,3.5,Yes,6.9
Unfriended,Leo Gabriadze,2014,5,3,No,5.5
Unfriended: Dark Web,Stephen Susco,2018,6,1.5,No,5.9
Unsane,Steven Soderbergh,2018,2,0.5,No,6.4
Urban Legend,Jamie Blanks,1998,17,4,No,5.5
Us,Jordan Peele,2019,11,2.5,No,6.9
Uzumaki,Higuchinsky,2000,15,3,No,6.2
V/H/S,Various Directors,2012,7,3.5,No,5.8
V/H/S/2,Various Directors,2013,14,4,No,6
Vacancy,Nimród Antal,2007,12,2.5,No,6.2
Velvet Buzzsaw,Dan Gilroy,2019,10,2.5,No,5.7
Veronica,Paco Plaza,2017,10,3,Yes,6.2
Victor Frankenstein,Paul McGuigan,2015,6,1.5,No,6
Viral,"Henry Joost, Ariel Schulman",2016,20,4,No,5.5
Visions,Kevin Greutert,2015,10,3.5,No,5.3
Wait Until Dark,Terence Young,1967,1,0.5,No,7.8
We Are Still Here,Ted Geoghegan,2015,12,3,No,5.7
Wes Craven's New Nightmare,Wes Craven,1994,11,2.5,No,6.4
What Lies Beneath,Robert Zemeckis,2000,16,3,No,6.6
When a Stranger Calls,Fred Walton,1979,5,2,No,6.6
"Wicker Man, The",Robin Hardy,1973,4,0.5,No,7.6
Wildling,Fritz Böhm,2018,4,1.5,No,5.5
Winchester,"Michael Spierig, Peter Spierig",2018,17,4,No,5.4
Wind Chill,Gregory Jacobs,2007,13,3,No,5.8
Wish Upon,John R. Leonetti,2017,11,2,No,5
Wolf Creek,Greg McLean,2005,0,0,No,6.2
"Wolfman, The",Joe Johnston,2010,18,4,No,5.8
"Woman in Black, The",James Watkins,2012,16,4,No,6.4
World War Z,Marc Forster,2013,7,2.5,No,7
Would You Rather,David Guy Levy,2012,3,1,Yes,5.7
Wrong Turn,Rob Schmidt,2003,13,3,No,6.1
You're Next,Adam Wingard,2011,11,3,No,6.5
Zodiac,David Fincher,2007,3,0.5,No,7.7
Zombieland,Ruben Fleischer,2009,9,3,No,7.6